0,549_C20DisCh.csv
1,549_Charge.csv
2,549_Dis_0p5C.csv
3,549_Dis_2C.csv
4,549_HPPC.csv
5,551_Cap_1C.csv
6,551_Charge1.csv
7,551_Charge2.csv
8,551_Charge3.csv
9,551_Charge4.csv
10,551_Charge5.csv
11,551_Charge6.csv
12,551_Charge7.csv
13,551_Charge8.csv
14,551_HWFET.csv
15,551_LA92.csv
16,551_Mixed1.csv
17,551_Mixed2.csv
18,551_UDDS.csv
19,551_US06.csv
20,552_Cap_1C.csv
21,552_Charge10.csv
22,552_Charge11.csv
23,552_Charge12.csv
24,552_Charge13.csv
25,552_Charge14.csv
26,552_Charge15.csv
27,552_Charge16.csv
28,552_Charge9.csv
29,552_Mixed3.csv
30,552_Mixed4.csv
31,552_Mixed5.csv
32,552_Mixed6.csv
33,552_Mixed7.csv
34,552_Mixed8.csv
35,552_PausCycl.csv
